MAE,RMSE,MAPE (%),R2
11.112630844116211,15.4660943111759,17.405975,0.8614834
